feature,coefficient,abs_impact
category_order1_bed_bath_table,0.7962470303505841,0.7962470303505841
category_order1_furniture_decor,0.7666638187982884,0.7666638187982884
category_order1_sports_leisure,0.6528619192474341,0.6528619192474341
category_order1_computers_accessories,0.42582456715802236,0.42582456715802236
category_order1_health_beauty,0.3505587550150537,0.3505587550150537
category_order1_other_category,0.33553561514945096,0.33553561514945096
category_order1_garden_tools,0.28493420145683324,0.28493420145683324
category_order1_cool_stuff,-0.26898410517468463,0.26898410517468463
category_order1_housewares,0.25826204329653213,0.25826204329653213
category_order1_watches_gifts,0.23754744376416959,0.23754744376416959
installments_order1,0.23669709728041738,0.23669709728041738
payment_type_order1_credit_card,-0.2023546518541217,0.2023546518541217
category_order1_telephony,0.18268792966701977,0.18268792966701977
spend_order1,-0.17929167159735512,0.17929167159735512
payment_type_order1_debit_card,-0.1779633633607243,0.1779633633607243
customer_state_order1_SC,-0.12837499721999268,0.12837499721999268
purchase_dow_order1_Sunday,0.12387745628591608,0.12387745628591608
customer_state_order1_RJ,0.11410747873864628,0.11410747873864628
payment_type_order1_voucher,0.10765502137524605,0.10765502137524605
category_order1_toys,0.10507166143382488,0.10507166143382488
purchase_hour_order1,-0.09645723955841665,0.09645723955841665
customer_state_order1_Other_State,-0.08050552318374463,0.08050552318374463
delivery_delay_days_order1,-0.07983696274997769,0.07983696274997769
items_count_order1,0.07004373175623191,0.07004373175623191
customer_state_order1_SP,0.0700108871384761,0.0700108871384761
purchase_dow_order1_Thursday,0.061836345621922924,0.061836345621922924
unique_products_order1,0.060474092792244166,0.060474092792244166
freight_ratio_order1,0.05923552928334552,0.05923552928334552
delivery_days_order1,-0.056137923418563,0.056137923418563
purchase_dow_order1_Wednesday,0.05394526133969211,0.05394526133969211
purchase_dow_order1_Tuesday,-0.04704946494610271,0.04704946494610271
has_comment_title_order1,0.04541559546746983,0.04541559546746983
review_score_order1,0.045275118633541216,0.045275118633541216
customer_state_order1_RS,0.029836713925991052,0.029836713925991052
payment_splits_order1,0.026328828561025926,0.026328828561025926
customer_state_order1_PR,0.024990183210006324,0.024990183210006324
purchase_dow_order1_Saturday,-0.020942662898914163,0.020942662898914163
purchase_dow_order1_Monday,0.012097998626314246,0.012097998626314246
is_delayed_order1,0.010871152007566992,0.010871152007566992
freight_value_order1,0.009933403205841556,0.009933403205841556
has_comment_message_order1,-0.009366447141369267,0.009366447141369267
payment_type_order1_not_recorded,-0.007935031370035336,0.007935031370035336
