customer_segment,customer_count,total_revenue,avg_order_value,avg_recency_days,avg_frequency,avg_spend_per_customer,avg_review_score,customer_share_pct,revenue_share_pct
At Risk,14457,4421065.54,299.32830001613985,391.8857731444655,1.0507020820363837,305.8079504738189,4.129647704034207,15.49,28.67
Potential Loyalists,14405,4353353.66,302.2112919125304,91.88413587665676,1.0,302.2112919125304,4.131871202067472,15.43,28.23
Hibernating,29202,3548847.72,121.5275570166427,257.2011233248864,1.0,121.5275570166427,4.067844571744081,31.28,23.01
Lost,11431,828687.14,72.49471962208031,473.4696093884159,1.0,72.49471962208031,4.23051175900643,12.24,5.37
Promising,10849,793709.13,73.15965803299844,135.60733595091543,1.0,73.15965803299844,4.162685185185185,11.62,5.15
New Customers,10886,791437.14,72.70229101598383,45.1916467442893,1.0,72.70229101598383,4.34449672479011,11.66,5.13
Champions,985,366939.31,171.78630036258158,88.87246104765933,2.181725888324873,372.52721827411165,4.284163279132791,1.06,2.38
Loyal Customers,820,204646.17,119.8806377855207,183.61466272865854,2.071951219512195,249.56850000000003,4.101073077967944,0.88,1.33
Can't Lose Them,323,113775.96,172.58704850361198,462.75966087604627,2.065015479876161,352.2475541795666,4.14751552795031,0.35,0.74
