customer_unique_id,first_order_id,first_order_date,spend_order1,items_count_order1,unique_products_order1,freight_value_order1,freight_ratio_order1,installments_order1,payment_splits_order1,delivery_days_order1,delivery_delay_days_order1,is_delayed_order1,review_score_order1,has_comment_title_order1,has_comment_message_order1,purchase_hour_order1,purchase_dow_order1,payment_type_order1,customer_state_order1,category_order1,repeat_purchase
695ceaf24e4da77e10385dfc7829a701,c0f5eb23b8443f0945a621152bb6bd62,2017-08-15 20:28:42,96.8,1,1,17.8,0.1838842975206611,5,1,7.702395833333333,-13.444340277777778,0,5.0,0,0,20,Tuesday,credit_card,Other_State,health_beauty,0
2fe593f7802e5a4081ae50ec31918a5b,c7a56fad11f43d4eb9154f154fdafba5,2018-01-16 12:13:28,112.94,1,1,13.04,0.1154595360368337,2,1,20.351388888888888,-10.13925925925926,0,5.0,0,0,12,Tuesday,credit_card,SP,other_category,0
7a91ff7dd6e77ba0f5ce7698cd7ba73b,f5c752a78da14f68db4afacc9d3c61d3,2017-02-21 11:31:20,74.41,1,1,9.51,0.127805402499664,1,1,17.01855324074074,-9.501354166666667,0,5.0,0,0,11,Tuesday,boleto,SP,toys,0
709a30c390cd7a591fa3c815bb554df5,219a2bae1ef407852a764879147986b7,2017-07-30 17:57:04,44.21,1,1,22.22,0.5026012214431124,4,1,11.213333333333331,-21.038703703703703,0,3.0,0,1,17,Sunday,credit_card,Other_State,other_category,0
e9d6e9c04dc488718ceef8497b117373,8d4c86f7bdc1beb6537f9c227dc16e76,2017-09-26 14:01:30,104.28,1,1,14.38,0.137897967011891,1,1,15.968738425925926,-6.446886574074074,0,5.0,0,1,14,Tuesday,boleto,Other_State,other_category,0
f0a61cf47535afda9d4454c9449e63e5,2835db7029951274a3a1ec7ea37d9254,2017-12-01 15:18:31,47.42,1,1,17.92,0.3778996204133277,1,1,16.89912037037037,-15.463020833333331,0,4.0,0,0,15,Friday,boleto,RJ,sports_leisure,0
4363e6fae67bd586b97c117e50f953dc,c56063fb44250985a4649811b257edc7,2018-03-31 01:11:46,35.21,1,1,7.71,0.2189718829877875,3,1,3.819328703703704,-8.130833333333333,0,4.0,0,1,1,Saturday,credit_card,PR,housewares,0
3f1cf8ad86bdbd1f5d8a20bf0660d60e,16ed456866d66d9108a13a17374364c4,2018-02-09 20:04:45,166.5,1,1,21.5,0.1291291291291291,1,1,46.10299768518519,21.93962962962963,1,5.0,1,1,20,Friday,credit_card,RJ,telephony,0
bfcdddab5a2fe5dd1d1b8330795f4061,4a335c9b6c47353962fc6f0b1911eb03,2017-06-18 13:02:08,184.93,1,1,16.94,0.0916022278700048,7,1,9.96644675925926,-12.490405092592592,0,5.0,0,1,13,Sunday,credit_card,SP,housewares,1
48d783e53b2de29c4e70a54ef0c9d6f7,db598c672baf941a618fb372941b0c5f,2018-03-23 21:03:04,64.23,1,1,15.23,0.2371166121749961,1,1,16.98292824074074,-3.1399421296296297,0,5.0,0,0,21,Friday,voucher,Other_State,watches_gifts,0
838f77f7ec5db54608630793f3267bfd,90a854ca6f1238059e7d45e6805c8c32,2017-08-15 15:39:04,152.72,1,1,25.73,0.1684782608695652,10,1,7.238576388888889,-14.109293981481482,0,5.0,0,0,15,Tuesday,credit_card,PR,garden_tools,0
e97c0380e13dc5c89173029f67b94f95,76622c01fca584f77626ddafa70d17a2,2017-10-08 21:16:25,106.78,1,1,8.88,0.083161640756696,3,1,9.866030092592592,-8.247569444444444,0,5.0,0,1,21,Sunday,credit_card,SP,telephony,0
6c9db1b2aae6d3fa10ab0d83db507ddc,c25acd72d5c2eb2ec89c3c8d7cd7d1f2,2017-09-08 12:04:02,58.62,1,1,8.72,0.1487546912316615,1,1,4.259444444444444,-7.23775462962963,0,5.0,0,0,12,Friday,boleto,SP,furniture_decor,0
705751b015f44b79a7ec4c13f84ead57,c1b6e4f2ff6555773a6764c3a3286101,2017-08-16 19:14:45,40.84,1,1,11.85,0.2901567091087169,4,1,6.968252314814815,-12.229837962962964,0,4.0,0,0,19,Wednesday,credit_card,SP,telephony,0
90cd2695f924b148e6ce2d54ce0b3192,b41c9972504c576d0aef689e13a2df12,2017-09-18 14:23:11,38.11,1,1,16.11,0.4227236945683547,1,1,17.096863425925925,-0.3037037037037037,0,5.0,0,1,14,Monday,boleto,RS,computers_accessories,0
53632e7fa0eba9f4b346d4bb93068fde,276c37d3aa8872a9e3f7858b0fefa062,2017-06-06 23:25:38,126.2,1,1,12.3,0.0974643423137876,6,1,5.5084027777777775,-14.515462962962962,0,5.0,0,0,23,Tuesday,credit_card,SP,sports_leisure,0
3dc37963005c99ecf1c92928d9cdd04b,ded8a75f89ac9b3ad08c2de7f07bca70,2017-12-04 23:17:06,190.83,3,1,40.92,0.214431693130011,10,1,7.844050925925926,-8.18574074074074,0,2.0,0,1,23,Monday,credit_card,MG,furniture_decor,0
4c78e1b1723e4144f76a00609f312fc2,6a233c2059af7138039e43722cde5874,2018-03-10 20:03:59,33.37,1,1,13.47,0.4036559784237339,1,1,10.003136574074071,-7.160763888888889,0,4.0,0,0,20,Saturday,debit_card,PR,other_category,0
3a32c0e1784abf31ae69b4cc3d17a7a5,e48bb443eafd409648c33de1ad435eb8,2017-04-05 13:40:28,139.86,1,1,16.08,0.1149721149721149,1,1,7.107453703703704,-15.322777777777778,0,5.0,0,1,13,Wednesday,boleto,SP,other_category,0
c53a541be3940854a0b879a856a071ed,20ae21b63b409890b6f852c06d2458f8,2017-10-04 21:17:03,197.29,1,1,14.3,0.0724821329008059,4,1,5.892893518518519,-20.220266203703705,0,5.0,0,0,21,Wednesday,credit_card,PR,other_category,0
02029b32d4185a32a888c3f2d4d8839f,788541a19c0791de0504c5a9cb7e7bd5,2017-11-30 17:54:28,147.35,1,1,18.15,0.1231761112996267,1,1,13.11136574074074,-13.142476851851852,0,5.0,0,0,17,Thursday,boleto,PR,furniture_decor,0
508b6b77e8b92046abb3221291b02267,05fb9a42b233b4fb63dcaec6fac364a1,2017-11-13 14:19:26,65.6,1,1,17.6,0.2682926829268293,1,1,11.95167824074074,-9.451493055555556,0,5.0,0,1,14,Monday,credit_card,RS,other_category,0
14890ee87a5f29fd666239e94c6f3b30,8dc119de90a425151daffdb131bbc779,2017-07-28 14:56:02,65.09,1,1,15.1,0.2319864802581041,3,1,12.09613425925926,-11.281620370370373,0,5.0,0,1,14,Friday,credit_card,RJ,telephony,0
a99a814ef2758ad1a2a0eb75467904bb,9990c5ac84ecb15401bfd148dee0a46b,2017-08-19 22:41:09,41.01,1,1,16.11,0.3928310168251646,3,1,22.772743055555555,-1.2820138888888888,0,4.0,0,1,22,Saturday,credit_card,MG,furniture_decor,0
b6cf39bd4b5366458bd15a532baeefa1,6bdf0266efb0d65c6c32bc9e3d762e92,2017-11-01 16:00:33,68.73,1,1,14.13,0.2055870798777826,1,1,12.162650462962963,-8.170300925925925,0,1.0,0,1,16,Wednesday,debit_card,RJ,computers_accessories,0
e43791904cdd435a8b255093becdada0,31c2a1051b9b9899d82d9b980ec8775d,2018-02-24 11:46:26,61.85,1,1,11.85,0.1915925626515764,1,1,38.57804398148148,19.068622685185183,1,1.0,0,1,11,Saturday,credit_card,SP,other_category,0
34f0b37e89f9ef4768bdd233630f9b62,02dade411839b1c334363dc9058e1124,2017-09-18 18:43:37,231.39,1,1,13.03,0.0563118544448766,2,1,14.079953703703705,-1.1397569444444444,0,3.0,0,0,18,Monday,credit_card,SP,computers_accessories,0
aa2b96dd03307ea6dc4b763c0b5f0b39,17afedb7e5fad837f54bacf5c66c99f8,2017-10-01 11:21:12,70.91,1,1,16.01,0.2257791566774785,6,1,9.438101851851853,-13.088842592592592,0,4.0,0,0,11,Sunday,credit_card,SP,auto,0
74a581c080f83e6f518b585fb1779e09,0d82956d17aa687909a59706168bfe98,2018-01-15 13:47:59,85.14,1,1,15.24,0.178999295278365,1,1,14.16457175925926,-10.260439814814816,0,5.0,0,0,13,Monday,voucher,SP,sports_leisure,0
011fd4914a2d19b2a0e50c29cea5c6a2,8ed9bbf52d875aa480a636c3cc1b6dc5,2017-05-06 20:58:27,261.9,1,1,31.91,0.121840397098129,10,1,8.828842592592592,-13.297233796296297,0,4.0,0,0,20,Saturday,credit_card,SP,other_category,0
